,0,1,2,3,4,5,6,7,8,9,10,11,12,13,14,15,16,17,18,19,20,21,22,23,24,25,26,27,28,29,30,31
P50-NH64,[83-281],[43-304],[55-324],[103-360],[100-320],[125-341],[71-324],[91-367],[62-304],[108-347],[59-312],[94-377],[83-361],[85-384],[72-400],[56-281],[81-349],[54-300],[43-196],[62-223],[50-327],[75-244],[51-280],[58-307],[66-233],[55-279],[59-163],[42-256],[43-192],[59-153],bba,Group: 0
P30-NH58,[83-281],[43-304],[55-324],[103-360],[100-320],[125-341],[71-324],[91-367],[62-304],[108-347],[59-312],[94-377],[83-361],[85-384],[72-400],[56-281],[81-349],[54-300],[43-196],[62-223],[50-327],[75-244],[51-280],[58-307],[66-233],[55-279],[59-163],[42-256],[43-192],[59-153],bba,Group: 0
P55-NH58,[83-281],[43-304],[55-324],[103-360],[100-320],[125-341],[71-324],[91-367],[62-304],[108-347],[59-312],[94-377],[83-361],[85-384],[72-400],[56-281],[81-349],[54-300],[43-196],[62-223],[50-327],[75-244],[51-280],[58-307],[66-233],[55-279],[59-163],[42-256],[43-192],[59-153],bba,Group: 0
P56-NH58,[83-281],[43-304],[55-324],[103-360],[100-320],[125-341],[71-324],[91-367],[62-304],[108-347],[59-312],[94-377],[83-361],[85-384],[72-400],[56-281],[81-349],[54-300],[43-196],[62-223],[50-327],[75-244],[51-280],[58-307],[66-233],[55-279],[59-163],[42-256],[43-192],[59-153],bba,Group: 0
P20-NH60,[83-281],[43-304],[55-324],[103-360],[100-320],[125-341],[71-324],[91-367],[62-304],[108-347],[59-312],[94-377],[83-361],[85-384],[72-400],[56-281],[81-349],[54-300],[43-196],[62-223],[50-327],[75-244],[51-280],[58-307],[66-233],[55-279],[59-163],[42-256],[43-192],[59-153],bba,Group: 0
P34-NH60,[83-281],[43-304],[55-324],[103-360],[100-320],[125-341],[71-324],[91-367],[62-304],[108-347],[59-312],[94-377],[83-361],[85-384],[72-400],[56-281],[81-349],[54-300],[43-196],[62-223],[50-327],[75-244],[51-280],[58-307],[66-233],[55-279],[59-163],[42-256],[43-192],[59-153],bba,Group: 0
P01-NH62,[83-281],[43-304],[55-324],[103-360],[100-320],[125-341],[71-324],[91-367],[62-304],[108-347],[59-312],[94-377],[83-361],[85-384],[72-400],[56-281],[81-349],[54-300],[43-196],[62-223],[50-327],[75-244],[51-280],[58-307],[66-233],[55-279],[59-163],[42-256],[43-192],[59-153],bba,Group: 0
P08-NH62,[83-281],[43-304],[55-324],[103-360],[100-320],[125-341],[71-324],[91-367],[62-304],[108-347],[59-312],[94-377],[83-361],[85-384],[72-400],[56-281],[81-349],[54-300],[43-196],[62-223],[50-327],[75-244],[51-280],[58-307],[66-233],[55-279],[59-163],[42-256],[43-192],[59-153],bba,Group: 0
P50-NH62,[83-281],[43-304],[55-324],[103-360],[100-320],[125-341],[71-324],[91-367],[62-304],[108-347],[59-312],[94-377],[83-361],[85-384],[72-400],[56-281],[81-349],[54-300],[43-196],[62-223],[50-327],[75-244],[51-280],[58-307],[66-233],[55-279],[59-163],[42-256],[43-192],[59-153],bba,Group: 0
P53-NH62,[83-281],[43-304],[55-324],[103-360],[100-320],[125-341],[71-324],[91-367],[62-304],[108-347],[59-312],[94-377],[83-361],[85-384],[72-400],[56-281],[81-349],[54-300],[43-196],[62-223],[50-327],[75-244],[51-280],[58-307],[66-233],[55-279],[59-163],[42-256],[43-192],[59-153],bba,Group: 0
P20-NH58,[100-345],[84-338],[102-391],[87-437],[71-338],[97-341],[81-417],[75-352],[111-430],[86-334],[62-306],[113-363],[115-371],[90-300],[43-320],[51-323],[52-367],[49-304],[99-336],[71-405],[79-358],[30-317],[79-341],[66-309],[30-369],[44-450],[81-340],[42-309],[147-305],[88-450],aaaaa,Group: 2
P63-NH58,[100-345],[84-338],[102-391],[87-437],[71-338],[97-341],[81-417],[75-352],[111-430],[86-334],[62-306],[113-363],[115-371],[90-300],[43-320],[51-323],[52-367],[49-304],[99-336],[71-405],[79-358],[30-317],[79-341],[66-309],[30-369],[44-450],[81-340],[42-309],[147-305],[88-450],aaaaa,Group: 2
P56-NH60,[100-345],[84-338],[102-391],[87-437],[71-338],[97-341],[81-417],[75-352],[111-430],[86-334],[62-306],[113-363],[115-371],[90-300],[43-320],[51-323],[52-367],[49-304],[99-336],[71-405],[79-358],[30-317],[79-341],[66-309],[30-369],[44-450],[81-340],[42-309],[147-305],[88-450],aaaaa,Group: 2
P65-NH60,[100-345],[84-338],[102-391],[87-437],[71-338],[97-341],[81-417],[75-352],[111-430],[86-334],[62-306],[113-363],[115-371],[90-300],[43-320],[51-323],[52-367],[49-304],[99-336],[71-405],[79-358],[30-317],[79-341],[66-309],[30-369],[44-450],[81-340],[42-309],[147-305],[88-450],aaaaa,Group: 2
P03-NH62,[100-345],[84-338],[102-391],[87-437],[71-338],[97-341],[81-417],[75-352],[111-430],[86-334],[62-306],[113-363],[115-371],[90-300],[43-320],[51-323],[52-367],[49-304],[99-336],[71-405],[79-358],[30-317],[79-341],[66-309],[30-369],[44-450],[81-340],[42-309],[147-305],[88-450],aaaaa,Group: 2
P07-NH58,[100-345],[84-338],[102-391],[87-437],[71-338],[97-341],[81-417],[75-352],[111-430],[86-334],[62-306],[113-363],[115-371],[90-300],[43-320],[51-323],[52-367],[49-304],[99-336],[71-405],[79-358],[30-317],[79-341],[66-309],[30-369],[44-450],[81-340],[42-309],[147-305],[88-450],aaaaa,Group: 2
P05-NH62,[100-345],[84-338],[102-391],[87-437],[71-338],[97-341],[81-417],[75-352],[111-430],[86-334],[62-306],[113-363],[115-371],[90-300],[43-320],[51-323],[52-367],[49-304],[99-336],[71-405],[79-358],[30-317],[79-341],[66-309],[30-369],[44-450],[81-340],[42-309],[147-305],[88-450],aaaaa,Group: 2
P36-NH58,[100-345],[84-338],[102-391],[87-437],[71-338],[97-341],[81-417],[75-352],[111-430],[86-334],[62-306],[113-363],[115-371],[90-300],[43-320],[51-323],[52-367],[49-304],[99-336],[71-405],[79-358],[30-317],[79-341],[66-309],[30-369],[44-450],[81-340],[42-309],[147-305],[88-450],aaaaa,Group: 2
P39-NH64,[100-345],[84-338],[102-391],[87-437],[71-338],[97-341],[81-417],[75-352],[111-430],[86-334],[62-306],[113-363],[115-371],[90-300],[43-320],[51-323],[52-367],[49-304],[99-336],[71-405],[79-358],[30-317],[79-341],[66-309],[30-369],[44-450],[81-340],[42-309],[147-305],[88-450],aaaaa,Group: 2
P65-NH58,[100-345],[84-338],[102-391],[87-437],[71-338],[97-341],[81-417],[75-352],[111-430],[86-334],[62-306],[113-363],[115-371],[90-300],[43-320],[51-323],[52-367],[49-304],[99-336],[71-405],[79-358],[30-317],[79-341],[66-309],[30-369],[44-450],[81-340],[42-309],[147-305],[88-450],aaaaa,Group: 2
P67-NH60,[67-209],[40-281],[100-280],[65-302],[48-177],[56-348],[43-254],[53-222],[35-247],[41-222],[43-277],[57-293],[79-224],[67-261],[92-366],[84-221],[54-306],[92-402],[58-258],[100-211],[35-225],[31-211],[35-200],[67-272],[35-281],[66-196],[82-254],[35-295],[104-211],[64-327],aaaaa,Group: 3
P54-NH60,[67-209],[40-281],[100-280],[65-302],[48-177],[56-348],[43-254],[53-222],[35-247],[41-222],[43-277],[57-293],[79-224],[67-261],[92-366],[84-221],[54-306],[92-402],[58-258],[100-211],[35-225],[31-211],[35-200],[67-272],[35-281],[66-196],[82-254],[35-295],[104-211],[64-327],aaaaa,Group: 3
P55-NH60,[67-209],[40-281],[100-280],[65-302],[48-177],[56-348],[43-254],[53-222],[35-247],[41-222],[43-277],[57-293],[79-224],[67-261],[92-366],[84-221],[54-306],[92-402],[58-258],[100-211],[35-225],[31-211],[35-200],[67-272],[35-281],[66-196],[82-254],[35-295],[104-211],[64-327],aaaaa,Group: 3
P31-NH62,[67-209],[40-281],[100-280],[65-302],[48-177],[56-348],[43-254],[53-222],[35-247],[41-222],[43-277],[57-293],[79-224],[67-261],[92-366],[84-221],[54-306],[92-402],[58-258],[100-211],[35-225],[31-211],[35-200],[67-272],[35-281],[66-196],[82-254],[35-295],[104-211],[64-327],aaaaa,Group: 3
P04-NH64,[67-209],[40-281],[100-280],[65-302],[48-177],[56-348],[43-254],[53-222],[35-247],[41-222],[43-277],[57-293],[79-224],[67-261],[92-366],[84-221],[54-306],[92-402],[58-258],[100-211],[35-225],[31-211],[35-200],[67-272],[35-281],[66-196],[82-254],[35-295],[104-211],[64-327],aaaaa,Group: 3
P31-NH58,[67-209],[40-281],[100-280],[65-302],[48-177],[56-348],[43-254],[53-222],[35-247],[41-222],[43-277],[57-293],[79-224],[67-261],[92-366],[84-221],[54-306],[92-402],[58-258],[100-211],[35-225],[31-211],[35-200],[67-272],[35-281],[66-196],[82-254],[35-295],[104-211],[64-327],aaaaa,Group: 3
P68-NH58,[81-354],[66-324],[100-251],[62-362],[92-318],[50-348],[43-247],[25-186],[56-221],[98-259],[54-277],[73-325],[57-259],[51-228],[94-289],[91-271],[54-268],[115-252],[58-258],[76-233],[68-239],[67-307],[70-296],[61-272],[73-288],[66-230],[82-313],[87-314],[116-330],[72-347],aaaaa,Group: 4
P03-NH58,[81-354],[66-324],[100-251],[62-362],[92-318],[50-348],[43-247],[25-186],[56-221],[98-259],[54-277],[73-325],[57-259],[51-228],[94-289],[91-271],[54-268],[115-252],[58-258],[76-233],[68-239],[67-307],[70-296],[61-272],[73-288],[66-230],[82-313],[87-314],[116-330],[72-347],aaaaa,Group: 4
P26-NH58,[81-354],[66-324],[100-251],[62-362],[92-318],[50-348],[43-247],[25-186],[56-221],[98-259],[54-277],[73-325],[57-259],[51-228],[94-289],[91-271],[54-268],[115-252],[58-258],[76-233],[68-239],[67-307],[70-296],[61-272],[73-288],[66-230],[82-313],[87-314],[116-330],[72-347],aaaaa,Group: 4
P37-NH62,[81-354],[66-324],[100-251],[62-362],[92-318],[50-348],[43-247],[25-186],[56-221],[98-259],[54-277],[73-325],[57-259],[51-228],[94-289],[91-271],[54-268],[115-252],[58-258],[76-233],[68-239],[67-307],[70-296],[61-272],[73-288],[66-230],[82-313],[87-314],[116-330],[72-347],aaaaa,Group: 4
P10-NH58,[81-354],[66-324],[100-251],[62-362],[92-318],[50-348],[43-247],[25-186],[56-221],[98-259],[54-277],[73-325],[57-259],[51-228],[94-289],[91-271],[54-268],[115-252],[58-258],[76-233],[68-239],[67-307],[70-296],[61-272],[73-288],[66-230],[82-313],[87-314],[116-330],[72-347],aaaaa,Group: 4
P29-NH58,[81-354],[66-324],[100-251],[62-362],[92-318],[50-348],[43-247],[25-186],[56-221],[98-259],[54-277],[73-325],[57-259],[51-228],[94-289],[91-271],[54-268],[115-252],[58-258],[76-233],[68-239],[67-307],[70-296],[61-272],[73-288],[66-230],[82-313],[87-314],[116-330],[72-347],aaaaa,Group: 4
P21-NH58,[81-354],[66-324],[100-251],[62-362],[92-318],[50-348],[43-247],[25-186],[56-221],[98-259],[54-277],[73-325],[57-259],[51-228],[94-289],[91-271],[54-268],[115-252],[58-258],[76-233],[68-239],[67-307],[70-296],[61-272],[73-288],[66-230],[82-313],[87-314],[116-330],[72-347],aaaaa,Group: 4
P28-NH58,[81-354],[66-324],[100-251],[62-362],[92-318],[50-348],[43-247],[25-186],[56-221],[98-259],[54-277],[73-325],[57-259],[51-228],[94-289],[91-271],[54-268],[115-252],[58-258],[76-233],[68-239],[67-307],[70-296],[61-272],[73-288],[66-230],[82-313],[87-314],[116-330],[72-347],baaab,Group: 4
P61-NH58,[81-354],[66-324],[100-251],[62-362],[92-318],[50-348],[43-247],[25-186],[56-221],[98-259],[54-277],[73-325],[57-259],[51-228],[94-289],[91-271],[54-268],[115-252],[58-258],[76-233],[68-239],[67-307],[70-296],[61-272],[73-288],[66-230],[82-313],[87-314],[116-330],[72-347],baaab,Group: 4
P70-NH58,[81-354],[66-324],[100-251],[62-362],[92-318],[50-348],[43-247],[25-186],[56-221],[98-259],[54-277],[73-325],[57-259],[51-228],[94-289],[91-271],[54-268],[115-252],[58-258],[76-233],[68-239],[67-307],[70-296],[61-272],[73-288],[66-230],[82-313],[87-314],[116-330],[72-347],baaab,Group: 4
P31-NH60,[81-354],[66-324],[100-251],[62-362],[92-318],[50-348],[43-247],[25-186],[56-221],[98-259],[54-277],[73-325],[57-259],[51-228],[94-289],[91-271],[54-268],[115-252],[58-258],[76-233],[68-239],[67-307],[70-296],[61-272],[73-288],[66-230],[82-313],[87-314],[116-330],[72-347],baaab,Group: 4
P56-NH62,[81-354],[66-324],[100-251],[62-362],[92-318],[50-348],[43-247],[25-186],[56-221],[98-259],[54-277],[73-325],[57-259],[51-228],[94-289],[91-271],[54-268],[115-252],[58-258],[76-233],[68-239],[67-307],[70-296],[61-272],[73-288],[66-230],[82-313],[87-314],[116-330],[72-347],baaab,Group: 4
P68-NH62,[81-354],[66-324],[100-251],[62-362],[92-318],[50-348],[43-247],[25-186],[56-221],[98-259],[54-277],[73-325],[57-259],[51-228],[94-289],[91-271],[54-268],[115-252],[58-258],[76-233],[68-239],[67-307],[70-296],[61-272],[73-288],[66-230],[82-313],[87-314],[116-330],[72-347],baaab,Group: 4
P04-NH62,[62-253],[59-278],[47-276],[63-239],[63-322],[65-239],[75-298],[55-306],[65-355],[39-291],[47-319],[85-287],[94-305],[74-276],[74-341],[52-302],[76-304],[73-338],[63-265],[69-280],[57-281],[44-237],[48-256],[61-338],[82-298],[107-331],[76-265],[56-272],[67-262],[60-234],aaaaa,Group: 5
P41-NH62,[62-253],[59-278],[47-276],[63-239],[63-322],[65-239],[75-298],[55-306],[65-355],[39-291],[47-319],[85-287],[94-305],[74-276],[74-341],[52-302],[76-304],[73-338],[63-265],[69-280],[57-281],[44-237],[48-256],[61-338],[82-298],[107-331],[76-265],[56-272],[67-262],[60-234],aaaaa,Group: 5
P19-NH58,[62-253],[59-278],[47-276],[63-239],[63-322],[65-239],[75-298],[55-306],[65-355],[39-291],[47-319],[85-287],[94-305],[74-276],[74-341],[52-302],[76-304],[73-338],[63-265],[69-280],[57-281],[44-237],[48-256],[61-338],[82-298],[107-331],[76-265],[56-272],[67-262],[60-234],aaaaa,Group: 5
P36-NH60,[62-253],[59-278],[47-276],[63-239],[63-322],[65-239],[75-298],[55-306],[65-355],[39-291],[47-319],[85-287],[94-305],[74-276],[74-341],[52-302],[76-304],[73-338],[63-265],[69-280],[57-281],[44-237],[48-256],[61-338],[82-298],[107-331],[76-265],[56-272],[67-262],[60-234],aaaaa,Group: 5
P65-NH62,[62-253],[59-278],[47-276],[63-239],[63-322],[65-239],[75-298],[55-306],[65-355],[39-291],[47-319],[85-287],[94-305],[74-276],[74-341],[52-302],[76-304],[73-338],[63-265],[69-280],[57-281],[44-237],[48-256],[61-338],[82-298],[107-331],[76-265],[56-272],[67-262],[60-234],aaaaa,Group: 5
P27-NH58,[62-253],[59-278],[47-276],[63-239],[63-322],[65-239],[75-298],[55-306],[65-355],[39-291],[47-319],[85-287],[94-305],[74-276],[74-341],[52-302],[76-304],[73-338],[63-265],[69-280],[57-281],[44-237],[48-256],[61-338],[82-298],[107-331],[76-265],[56-272],[67-262],[60-234],aaaaa,Group: 5
P27-NH60,[30-257],[57-233],[45-263],[44-239],[63-322],[60-239],[75-357],[47-306],[41-220],[70-243],[75-275],[55-238],[49-305],[47-224],[48-183],[51-248],[43-223],[73-270],[43-273],[50-255],[43-281],[44-301],[48-204],[61-256],[75-267],[42-290],[55-223],[56-244],[66-243],[66-253],aaaaa,Group: 6
P67-NH62,[30-257],[57-233],[45-263],[44-239],[63-322],[60-239],[75-357],[47-306],[41-220],[70-243],[75-275],[55-238],[49-305],[47-224],[48-183],[51-248],[43-223],[73-270],[43-273],[50-255],[43-281],[44-301],[48-204],[61-256],[75-267],[42-290],[55-223],[56-244],[66-243],[66-253],aaaaa,Group: 6
P46-NH58,[30-257],[57-233],[45-263],[44-239],[63-322],[60-239],[75-357],[47-306],[41-220],[70-243],[75-275],[55-238],[49-305],[47-224],[48-183],[51-248],[43-223],[73-270],[43-273],[50-255],[43-281],[44-301],[48-204],[61-256],[75-267],[42-290],[55-223],[56-244],[66-243],[66-253],aaaaa,Group: 6
P50-NH58,[30-257],[57-233],[45-263],[44-239],[63-322],[60-239],[75-357],[47-306],[41-220],[70-243],[75-275],[55-238],[49-305],[47-224],[48-183],[51-248],[43-223],[73-270],[43-273],[50-255],[43-281],[44-301],[48-204],[61-256],[75-267],[42-290],[55-223],[56-244],[66-243],[66-253],aaaaa,Group: 6
P39-NH58,[30-257],[57-233],[45-263],[44-239],[63-322],[60-239],[75-357],[47-306],[41-220],[70-243],[75-275],[55-238],[49-305],[47-224],[48-183],[51-248],[43-223],[73-270],[43-273],[50-255],[43-281],[44-301],[48-204],[61-256],[75-267],[42-290],[55-223],[56-244],[66-243],[66-253],aaaaa,Group: 6
P35-NH62,[30-257],[57-233],[45-263],[44-239],[63-322],[60-239],[75-357],[47-306],[41-220],[70-243],[75-275],[55-238],[49-305],[47-224],[48-183],[51-248],[43-223],[73-270],[43-273],[50-255],[43-281],[44-301],[48-204],[61-256],[75-267],[42-290],[55-223],[56-244],[66-243],[66-253],aaaaa,Group: 6
P01-NH58,[30-257],[57-233],[45-263],[44-239],[63-322],[60-239],[75-357],[47-306],[41-220],[70-243],[75-275],[55-238],[49-305],[47-224],[48-183],[51-248],[43-223],[73-270],[43-273],[50-255],[43-281],[44-301],[48-204],[61-256],[75-267],[42-290],[55-223],[56-244],[66-243],[66-253],aaaaa,Group: 6
P42-NH60,[30-257],[57-233],[45-263],[44-239],[63-322],[60-239],[75-357],[47-306],[41-220],[70-243],[75-275],[55-238],[49-305],[47-224],[48-183],[51-248],[43-223],[73-270],[43-273],[50-255],[43-281],[44-301],[48-204],[61-256],[75-267],[42-290],[55-223],[56-244],[66-243],[66-253],aaaaa,Group: 6
P54-NH58,[30-257],[57-233],[45-263],[44-239],[63-322],[60-239],[75-357],[47-306],[41-220],[70-243],[75-275],[55-238],[49-305],[47-224],[48-183],[51-248],[43-223],[73-270],[43-273],[50-255],[43-281],[44-301],[48-204],[61-256],[75-267],[42-290],[55-223],[56-244],[66-243],[66-253],aaaaa,Group: 6
P52-NH62,[30-257],[57-233],[45-263],[44-239],[63-322],[60-239],[75-357],[47-306],[41-220],[70-243],[75-275],[55-238],[49-305],[47-224],[48-183],[51-248],[43-223],[73-270],[43-273],[50-255],[43-281],[44-301],[48-204],[61-256],[75-267],[42-290],[55-223],[56-244],[66-243],[66-253],aaaaa,Group: 6
P21-NH62,[30-257],[57-233],[45-263],[44-239],[63-322],[60-239],[75-357],[47-306],[41-220],[70-243],[75-275],[55-238],[49-305],[47-224],[48-183],[51-248],[43-223],[73-270],[43-273],[50-255],[43-281],[44-301],[48-204],[61-256],[75-267],[42-290],[55-223],[56-244],[66-243],[66-253],aaaaa,Group: 6
P52-NH58,[30-257],[57-233],[45-263],[44-239],[63-322],[60-239],[75-357],[47-306],[41-220],[70-243],[75-275],[55-238],[49-305],[47-224],[48-183],[51-248],[43-223],[73-270],[43-273],[50-255],[43-281],[44-301],[48-204],[61-256],[75-267],[42-290],[55-223],[56-244],[66-243],[66-253],aaaaa,Group: 6
P49-NH64,[30-257],[57-233],[45-263],[44-239],[63-322],[60-239],[75-357],[47-306],[41-220],[70-243],[75-275],[55-238],[49-305],[47-224],[48-183],[51-248],[43-223],[73-270],[43-273],[50-255],[43-281],[44-301],[48-204],[61-256],[75-267],[42-290],[55-223],[56-244],[66-243],[66-253],aaaaa,Group: 6
P34-NH62,[30-257],[57-233],[45-263],[44-239],[63-322],[60-239],[75-357],[47-306],[41-220],[70-243],[75-275],[55-238],[49-305],[47-224],[48-183],[51-248],[43-223],[73-270],[43-273],[50-255],[43-281],[44-301],[48-204],[61-256],[75-267],[42-290],[55-223],[56-244],[66-243],[66-253],aaaaa,Group: 6
P49-NH62,[42-308],[39-292],[47-259],[43-227],[44-325],[40-235],[42-277],[23-278],[60-364],[50-348],[43-289],[35-297],[35-198],[50-268],[42-261],[40-202],[28-201],[35-279],[45-205],[50-293],[42-196],[51-266],[33-186],[39-164],[31-247],[62-227],[37-189],[55-182],[34-343],[43-219],aaaaa,Group: 7
P50-NH60,[42-308],[39-292],[47-259],[43-227],[44-325],[40-235],[42-277],[23-278],[60-364],[50-348],[43-289],[35-297],[35-198],[50-268],[42-261],[40-202],[28-201],[35-279],[45-205],[50-293],[42-196],[51-266],[33-186],[39-164],[31-247],[62-227],[37-189],[55-182],[34-343],[43-219],aaaaa,Group: 7
P52-NH60,[42-308],[39-292],[47-259],[43-227],[44-325],[40-235],[42-277],[23-278],[60-364],[50-348],[43-289],[35-297],[35-198],[50-268],[42-261],[40-202],[28-201],[35-279],[45-205],[50-293],[42-196],[51-266],[33-186],[39-164],[31-247],[62-227],[37-189],[55-182],[34-343],[43-219],aaaaa,Group: 7
P49-NH60,[42-308],[39-292],[47-259],[43-227],[44-325],[40-235],[42-277],[23-278],[60-364],[50-348],[43-289],[35-297],[35-198],[50-268],[42-261],[40-202],[28-201],[35-279],[45-205],[50-293],[42-196],[51-266],[33-186],[39-164],[31-247],[62-227],[37-189],[55-182],[34-343],[43-219],aaaaa,Group: 7
P01-NH60,[42-308],[39-292],[47-259],[43-227],[44-325],[40-235],[42-277],[23-278],[60-364],[50-348],[43-289],[35-297],[35-198],[50-268],[42-261],[40-202],[28-201],[35-279],[45-205],[50-293],[42-196],[51-266],[33-186],[39-164],[31-247],[62-227],[37-189],[55-182],[34-343],[43-219],aaaaa,Group: 7
P04-NH58,[42-308],[39-292],[47-259],[43-227],[44-325],[40-235],[42-277],[23-278],[60-364],[50-348],[43-289],[35-297],[35-198],[50-268],[42-261],[40-202],[28-201],[35-279],[45-205],[50-293],[42-196],[51-266],[33-186],[39-164],[31-247],[62-227],[37-189],[55-182],[34-343],[43-219],aaaaa,Group: 7
P28-NH62,[42-308],[39-292],[47-259],[43-227],[44-325],[40-235],[42-277],[23-278],[60-364],[50-348],[43-289],[35-297],[35-198],[50-268],[42-261],[40-202],[28-201],[35-279],[45-205],[50-293],[42-196],[51-266],[33-186],[39-164],[31-247],[62-227],[37-189],[55-182],[34-343],[43-219],aaaaa,Group: 7
P68-NH60,[42-308],[39-292],[47-259],[43-227],[44-325],[40-235],[42-277],[23-278],[60-364],[50-348],[43-289],[35-297],[35-198],[50-268],[42-261],[40-202],[28-201],[35-279],[45-205],[50-293],[42-196],[51-266],[33-186],[39-164],[31-247],[62-227],[37-189],[55-182],[34-343],[43-219],aaaaa,Group: 7
P18-NH64,[42-308],[39-292],[47-259],[43-227],[44-325],[40-235],[42-277],[23-278],[60-364],[50-348],[43-289],[35-297],[35-198],[50-268],[42-261],[40-202],[28-201],[35-279],[45-205],[50-293],[42-196],[51-266],[33-186],[39-164],[31-247],[62-227],[37-189],[55-182],[34-343],[43-219],bbaaa,Group: 7
P52-NH64,[42-308],[39-292],[47-259],[43-227],[44-325],[40-235],[42-277],[23-278],[60-364],[50-348],[43-289],[35-297],[35-198],[50-268],[42-261],[40-202],[28-201],[35-279],[45-205],[50-293],[42-196],[51-266],[33-186],[39-164],[31-247],[62-227],[37-189],[55-182],[34-343],[43-219],bbaaa,Group: 7
P16-NH58,[42-308],[39-292],[47-259],[43-227],[44-325],[40-235],[42-277],[23-278],[60-364],[50-348],[43-289],[35-297],[35-198],[50-268],[42-261],[40-202],[28-201],[35-279],[45-205],[50-293],[42-196],[51-266],[33-186],[39-164],[31-247],[62-227],[37-189],[55-182],[34-343],[43-219],bbaaa,Group: 7
P42-NH58,[42-308],[39-292],[47-259],[43-227],[44-325],[40-235],[42-277],[23-278],[60-364],[50-348],[43-289],[35-297],[35-198],[50-268],[42-261],[40-202],[28-201],[35-279],[45-205],[50-293],[42-196],[51-266],[33-186],[39-164],[31-247],[62-227],[37-189],[55-182],[34-343],[43-219],bbaaa,Group: 7
P51-NH58,[42-308],[39-292],[47-259],[43-227],[44-325],[40-235],[42-277],[23-278],[60-364],[50-348],[43-289],[35-297],[35-198],[50-268],[42-261],[40-202],[28-201],[35-279],[45-205],[50-293],[42-196],[51-266],[33-186],[39-164],[31-247],[62-227],[37-189],[55-182],[34-343],[43-219],bbaaa,Group: 7
P30-NH60,[42-308],[39-292],[47-259],[43-227],[44-325],[40-235],[42-277],[23-278],[60-364],[50-348],[43-289],[35-297],[35-198],[50-268],[42-261],[40-202],[28-201],[35-279],[45-205],[50-293],[42-196],[51-266],[33-186],[39-164],[31-247],[62-227],[37-189],[55-182],[34-343],[43-219],bbaaa,Group: 7
P26-NH62,[42-308],[39-292],[47-259],[43-227],[44-325],[40-235],[42-277],[23-278],[60-364],[50-348],[43-289],[35-297],[35-198],[50-268],[42-261],[40-202],[28-201],[35-279],[45-205],[50-293],[42-196],[51-266],[33-186],[39-164],[31-247],[62-227],[37-189],[55-182],[34-343],[43-219],bbaaa,Group: 7
P30-NH62,[42-308],[39-292],[47-259],[43-227],[44-325],[40-235],[42-277],[23-278],[60-364],[50-348],[43-289],[35-297],[35-198],[50-268],[42-261],[40-202],[28-201],[35-279],[45-205],[50-293],[42-196],[51-266],[33-186],[39-164],[31-247],[62-227],[37-189],[55-182],[34-343],[43-219],bbaaa,Group: 7
P05-NH64,[46-275],[53-314],[43-332],[38-347],[44-311],[47-329],[41-310],[46-268],[43-400],[32-400],[35-317],[31-400],[98-361],[39-340],[35-411],[67-400],[42-333],[50-367],[55-403],[80-356],[92-389],[60-346],[45-383],[39-379],[41-367],[130-391],[48-295],[47-275],[43-305],[44-363],abbba,Group: 8
P47-NH58,[46-275],[53-314],[43-332],[38-347],[44-311],[47-329],[41-310],[46-268],[43-400],[32-400],[35-317],[31-400],[98-361],[39-340],[35-411],[67-400],[42-333],[50-367],[55-403],[80-356],[92-389],[60-346],[45-383],[39-379],[41-367],[130-391],[48-295],[47-275],[43-305],[44-363],abbba,Group: 8
P62-NH58,[46-275],[53-314],[43-332],[38-347],[44-311],[47-329],[41-310],[46-268],[43-400],[32-400],[35-317],[31-400],[98-361],[39-340],[35-411],[67-400],[42-333],[50-367],[55-403],[80-356],[92-389],[60-346],[45-383],[39-379],[41-367],[130-391],[48-295],[47-275],[43-305],[44-363],abbba,Group: 8
P21-NH60,[46-275],[53-314],[43-332],[38-347],[44-311],[47-329],[41-310],[46-268],[43-400],[32-400],[35-317],[31-400],[98-361],[39-340],[35-411],[67-400],[42-333],[50-367],[55-403],[80-356],[92-389],[60-346],[45-383],[39-379],[41-367],[130-391],[48-295],[47-275],[43-305],[44-363],abbba,Group: 8
P51-NH62,[46-275],[53-314],[43-332],[38-347],[44-311],[47-329],[41-310],[46-268],[43-400],[32-400],[35-317],[31-400],[98-361],[39-340],[35-411],[67-400],[42-333],[50-367],[55-403],[80-356],[92-389],[60-346],[45-383],[39-379],[41-367],[130-391],[48-295],[47-275],[43-305],[44-363],abbba,Group: 8
P55-NH62,[46-275],[53-314],[43-332],[38-347],[44-311],[47-329],[41-310],[46-268],[43-400],[32-400],[35-317],[31-400],[98-361],[39-340],[35-411],[67-400],[42-333],[50-367],[55-403],[80-356],[92-389],[60-346],[45-383],[39-379],[41-367],[130-391],[48-295],[47-275],[43-305],[44-363],abbba,Group: 8
P70-NH62,[46-275],[53-314],[43-332],[38-347],[44-311],[47-329],[41-310],[46-268],[43-400],[32-400],[35-317],[31-400],[98-361],[39-340],[35-411],[67-400],[42-333],[50-367],[55-403],[80-356],[92-389],[60-346],[45-383],[39-379],[41-367],[130-391],[48-295],[47-275],[43-305],[44-363],abbba,Group: 8
P19-NH64,[46-275],[53-314],[43-332],[38-347],[44-311],[47-329],[41-310],[46-268],[43-400],[32-400],[35-317],[31-400],[98-361],[39-340],[35-411],[67-400],[42-333],[50-367],[55-403],[80-356],[92-389],[60-346],[45-383],[39-379],[41-367],[130-391],[48-295],[47-275],[43-305],[44-363],aabbb,Group: 8
P38-NH64,[46-275],[53-314],[43-332],[38-347],[44-311],[47-329],[41-310],[46-268],[43-400],[32-400],[35-317],[31-400],[98-361],[39-340],[35-411],[67-400],[42-333],[50-367],[55-403],[80-356],[92-389],[60-346],[45-383],[39-379],[41-367],[130-391],[48-295],[47-275],[43-305],[44-363],aabbb,Group: 8
P05-NH58,[46-275],[53-314],[43-332],[38-347],[44-311],[47-329],[41-310],[46-268],[43-400],[32-400],[35-317],[31-400],[98-361],[39-340],[35-411],[67-400],[42-333],[50-367],[55-403],[80-356],[92-389],[60-346],[45-383],[39-379],[41-367],[130-391],[48-295],[47-275],[43-305],[44-363],aabbb,Group: 8
P14-NH58,[46-275],[53-314],[43-332],[38-347],[44-311],[47-329],[41-310],[46-268],[43-400],[32-400],[35-317],[31-400],[98-361],[39-340],[35-411],[67-400],[42-333],[50-367],[55-403],[80-356],[92-389],[60-346],[45-383],[39-379],[41-367],[130-391],[48-295],[47-275],[43-305],[44-363],aabbb,Group: 8
P18-NH58,[46-275],[53-314],[43-332],[38-347],[44-311],[47-329],[41-310],[46-268],[43-400],[32-400],[35-317],[31-400],[98-361],[39-340],[35-411],[67-400],[42-333],[50-367],[55-403],[80-356],[92-389],[60-346],[45-383],[39-379],[41-367],[130-391],[48-295],[47-275],[43-305],[44-363],aabbb,Group: 8
P41-NH58,[46-275],[53-314],[43-332],[38-347],[44-311],[47-329],[41-310],[46-268],[43-400],[32-400],[35-317],[31-400],[98-361],[39-340],[35-411],[67-400],[42-333],[50-367],[55-403],[80-356],[92-389],[60-346],[45-383],[39-379],[41-367],[130-391],[48-295],[47-275],[43-305],[44-363],aabbb,Group: 8
P41-NH60,[46-275],[53-314],[43-332],[38-347],[44-311],[47-329],[41-310],[46-268],[43-400],[32-400],[35-317],[31-400],[98-361],[39-340],[35-411],[67-400],[42-333],[50-367],[55-403],[80-356],[92-389],[60-346],[45-383],[39-379],[41-367],[130-391],[48-295],[47-275],[43-305],[44-363],aabbb,Group: 8
P29-NH62,[46-275],[53-314],[43-332],[38-347],[44-311],[47-329],[41-310],[46-268],[43-400],[32-400],[35-317],[31-400],[98-361],[39-340],[35-411],[67-400],[42-333],[50-367],[55-403],[80-356],[92-389],[60-346],[45-383],[39-379],[41-367],[130-391],[48-295],[47-275],[43-305],[44-363],aabbb,Group: 8
P54-NH62,[46-275],[53-314],[43-332],[38-347],[44-311],[47-329],[41-310],[46-268],[43-400],[32-400],[35-317],[31-400],[98-361],[39-340],[35-411],[67-400],[42-333],[50-367],[55-403],[80-356],[92-389],[60-346],[45-383],[39-379],[41-367],[130-391],[48-295],[47-275],[43-305],[44-363],aabbb,Group: 8
P37-NH64,[47-275],[50-308],[59-315],[52-294],[66-376],[38-249],[37-344],[40-338],[54-349],[52-288],[82-294],[24-261],[76-362],[45-316],[56-315],[76-320],[38-285],[59-341],[54-350],[57-415],[76-308],[56-364],[112-328],[36-407],[58-243],[46-308],[29-436],[60-297],[45-354],[63-359],babba,Group: 9
P15-NH58,[47-275],[50-308],[59-315],[52-294],[66-376],[38-249],[37-344],[40-338],[54-349],[52-288],[82-294],[24-261],[76-362],[45-316],[56-315],[76-320],[38-285],[59-341],[54-350],[57-415],[76-308],[56-364],[112-328],[36-407],[58-243],[46-308],[29-436],[60-297],[45-354],[63-359],babba,Group: 9
P37-NH58,[47-275],[50-308],[59-315],[52-294],[66-376],[38-249],[37-344],[40-338],[54-349],[52-288],[82-294],[24-261],[76-362],[45-316],[56-315],[76-320],[38-285],[59-341],[54-350],[57-415],[76-308],[56-364],[112-328],[36-407],[58-243],[46-308],[29-436],[60-297],[45-354],[63-359],babba,Group: 9
P53-NH58,[47-275],[50-308],[59-315],[52-294],[66-376],[38-249],[37-344],[40-338],[54-349],[52-288],[82-294],[24-261],[76-362],[45-316],[56-315],[76-320],[38-285],[59-341],[54-350],[57-415],[76-308],[56-364],[112-328],[36-407],[58-243],[46-308],[29-436],[60-297],[45-354],[63-359],babba,Group: 9
P59-NH58,[47-275],[50-308],[59-315],[52-294],[66-376],[38-249],[37-344],[40-338],[54-349],[52-288],[82-294],[24-261],[76-362],[45-316],[56-315],[76-320],[38-285],[59-341],[54-350],[57-415],[76-308],[56-364],[112-328],[36-407],[58-243],[46-308],[29-436],[60-297],[45-354],[63-359],babba,Group: 9
P26-NH60,[47-275],[50-308],[59-315],[52-294],[66-376],[38-249],[37-344],[40-338],[54-349],[52-288],[82-294],[24-261],[76-362],[45-316],[56-315],[76-320],[38-285],[59-341],[54-350],[57-415],[76-308],[56-364],[112-328],[36-407],[58-243],[46-308],[29-436],[60-297],[45-354],[63-359],babba,Group: 9
P28-NH60,[47-275],[50-308],[59-315],[52-294],[66-376],[38-249],[37-344],[40-338],[54-349],[52-288],[82-294],[24-261],[76-362],[45-316],[56-315],[76-320],[38-285],[59-341],[54-350],[57-415],[76-308],[56-364],[112-328],[36-407],[58-243],[46-308],[29-436],[60-297],[45-354],[63-359],babba,Group: 9
P10-NH62,[47-275],[50-308],[59-315],[52-294],[66-376],[38-249],[37-344],[40-338],[54-349],[52-288],[82-294],[24-261],[76-362],[45-316],[56-315],[76-320],[38-285],[59-341],[54-350],[57-415],[76-308],[56-364],[112-328],[36-407],[58-243],[46-308],[29-436],[60-297],[45-354],[63-359],babba,Group: 9
P39-NH62,[47-275],[50-308],[59-315],[52-294],[66-376],[38-249],[37-344],[40-338],[54-349],[52-288],[82-294],[24-261],[76-362],[45-316],[56-315],[76-320],[38-285],[59-341],[54-350],[57-415],[76-308],[56-364],[112-328],[36-407],[58-243],[46-308],[29-436],[60-297],[45-354],[63-359],babba,Group: 9
P42-NH62,[47-275],[50-308],[59-315],[52-294],[66-376],[38-249],[37-344],[40-338],[54-349],[52-288],[82-294],[24-261],[76-362],[45-316],[56-315],[76-320],[38-285],[59-341],[54-350],[57-415],[76-308],[56-364],[112-328],[36-407],[58-243],[46-308],[29-436],[60-297],[45-354],[63-359],babba,Group: 9
P51-NH64,[47-275],[50-308],[59-315],[52-294],[66-376],[38-249],[37-344],[40-338],[54-349],[52-288],[82-294],[24-261],[76-362],[45-316],[56-315],[76-320],[38-285],[59-341],[54-350],[57-415],[76-308],[56-364],[112-328],[36-407],[58-243],[46-308],[29-436],[60-297],[45-354],[63-359],aaabb,Group: 9
P02-NH58,[47-275],[50-308],[59-315],[52-294],[66-376],[38-249],[37-344],[40-338],[54-349],[52-288],[82-294],[24-261],[76-362],[45-316],[56-315],[76-320],[38-285],[59-341],[54-350],[57-415],[76-308],[56-364],[112-328],[36-407],[58-243],[46-308],[29-436],[60-297],[45-354],[63-359],aaabb,Group: 9
P08-NH58,[47-275],[50-308],[59-315],[52-294],[66-376],[38-249],[37-344],[40-338],[54-349],[52-288],[82-294],[24-261],[76-362],[45-316],[56-315],[76-320],[38-285],[59-341],[54-350],[57-415],[76-308],[56-364],[112-328],[36-407],[58-243],[46-308],[29-436],[60-297],[45-354],[63-359],aaabb,Group: 9
P12-NH58,[47-275],[50-308],[59-315],[52-294],[66-376],[38-249],[37-344],[40-338],[54-349],[52-288],[82-294],[24-261],[76-362],[45-316],[56-315],[76-320],[38-285],[59-341],[54-350],[57-415],[76-308],[56-364],[112-328],[36-407],[58-243],[46-308],[29-436],[60-297],[45-354],[63-359],aaabb,Group: 9
P13-NH58,[47-275],[50-308],[59-315],[52-294],[66-376],[38-249],[37-344],[40-338],[54-349],[52-288],[82-294],[24-261],[76-362],[45-316],[56-315],[76-320],[38-285],[59-341],[54-350],[57-415],[76-308],[56-364],[112-328],[36-407],[58-243],[46-308],[29-436],[60-297],[45-354],[63-359],aaabb,Group: 9
P49-NH58,[47-275],[50-308],[59-315],[52-294],[66-376],[38-249],[37-344],[40-338],[54-349],[52-288],[82-294],[24-261],[76-362],[45-316],[56-315],[76-320],[38-285],[59-341],[54-350],[57-415],[76-308],[56-364],[112-328],[36-407],[58-243],[46-308],[29-436],[60-297],[45-354],[63-359],aaabb,Group: 9
P67-NH58,[47-275],[50-308],[59-315],[52-294],[66-376],[38-249],[37-344],[40-338],[54-349],[52-288],[82-294],[24-261],[76-362],[45-316],[56-315],[76-320],[38-285],[59-341],[54-350],[57-415],[76-308],[56-364],[112-328],[36-407],[58-243],[46-308],[29-436],[60-297],[45-354],[63-359],aaabb,Group: 9
P29-NH60,[47-275],[50-308],[59-315],[52-294],[66-376],[38-249],[37-344],[40-338],[54-349],[52-288],[82-294],[24-261],[76-362],[45-316],[56-315],[76-320],[38-285],[59-341],[54-350],[57-415],[76-308],[56-364],[112-328],[36-407],[58-243],[46-308],[29-436],[60-297],[45-354],[63-359],aaabb,Group: 9
P27-NH62,[47-275],[50-308],[59-315],[52-294],[66-376],[38-249],[37-344],[40-338],[54-349],[52-288],[82-294],[24-261],[76-362],[45-316],[56-315],[76-320],[38-285],[59-341],[54-350],[57-415],[76-308],[56-364],[112-328],[36-407],[58-243],[46-308],[29-436],[60-297],[45-354],[63-359],aaabb,Group: 9
